"Rank","Player","Team","Positions","FG%","FT%","3PM","REB","AST","STL","BLK","PTS","Overall"
"1","Kevin Durant","GSW","SF,PF","2.25","5.68","1.59","1.88","2.90","0.86","1.81","3.55","20.52"
"2","James Harden","HOU","PG,SG","-0.95","4.11","4.82","0.98","3.74","3.12","0.49","3.68","20.00"
"3","Anthony Davis","NOR","PF,C","2.15","1.47","0.32","3.48","1.53","2.41","5.16","3.00","19.52"
"4","Karl-Anthony Towns","MIN","C","1.41","1.71","1.52","3.68","1.01","1.04","4.04","2.52","16.93"
"5","Paul George","OKC","SG,SF","-0.37","2.05","3.48","1.93","1.48","3.96","0.69","3.10","16.32"
"6","Joel Embiid","PHI","PF,C","1.18","1.79","0.61","3.93","1.18","0.20","3.84","3.09","15.82"
"7","Damian Lillard","POR","PG","-0.46","4.38","3.27","0.78","2.73","1.16","0.49","3.26","15.62"
"8","Giannis Antetokounmpo","MIL","SF,PF","4.91","-2.67","-0.45","3.30","2.57","1.69","2.92","2.73","15.00"
"9","Nikola Jokic","DEN","PF,C","1.23","1.45","0.50","2.53","3.47","2.05","0.89","1.68","13.80"
"10","Nikola Vucevic","ORL","PF,C","2.94","0.27","0.61","3.27","1.26","1.22","2.07","2.08","13.71"
"11","Jrue Holiday","NOR","PG,SG","0.51","0.30","1.38","0.75","4.40","2.71","1.22","2.34","13.60"
"12","Stephen Curry","GSW","PG,SG","1.06","2.69","3.98","0.41","1.50","1.22","-0.03","2.32","13.14"
"13","Kyrie Irving","BOS","PG,SG","1.15","1.32","2.33","0.66","2.71","2.23","0.23","2.22","12.85"
"14","Bradley Beal","WAS","SG","0.44","0.61","2.40","0.90","2.10","1.81","1.35","2.81","12.42"
"15","Kemba Walker","CHA","PG","-0.86","1.55","3.41","0.56","2.65","1.81","0.43","2.86","12.40"
"16","Kawhi Leonard","TOR","SG,SF","1.56","2.61","0.96","1.44","0.57","1.99","0.30","2.44","11.86"
"17","DeAndre Ayton","PHO","C,PF","4.76","0.09","-0.87","3.23","0.53","0.74","1.61","1.73","11.82"
"18","DeMar DeRozan","SAS","SG,SF","0.85","2.50","-0.62","1.33","3.09","1.34","0.43","2.64","11.56"
"19","Rudy Gobert","UTH","C","4.51","-3.25","-0.87","3.68","0.33","1.04","4.57","1.38","11.39"
"20","LeBron James","LAL","SF,PF","2.57","-2.69","1.52","1.79","2.98","1.57","0.82","2.80","11.36"
"21","Tobias Harris","LAC","SF,PF","1.78","2.25","1.73","1.97","0.44","0.68","0.17","2.25","11.27"
"22","Marc Gasol","MEM","C","-0.57","0.10","1.20","2.21","1.84","1.99","2.79","1.47","11.04"
"23","Danilo Gallinari","LAC","SF,PF","0.02","4.36","2.19","1.29","0.58","0.50","-0.03","1.97","10.88"
"24","Clint Capela","HOU","PF,C","5.12","-2.94","-0.87","3.63","-0.03","0.26","3.91","1.62","10.71"
"25","LaMarcus Aldridge","SAS","PF,C","1.75","1.53","-0.80","2.40","0.57","0.20","2.14","2.18","9.96"
"26","Jusuf Nurkic","POR","C","1.11","-0.31","-0.76","3.00","0.94","1.63","2.66","1.37","9.65"
"27","Pascal Siakam","TOR","PF","3.01","0.49","0.11","1.51","0.86","1.34","0.89","1.35","9.57"
"28","Mike Conley","MEM","PG","-1.74","2.01","1.90","0.26","2.77","1.87","0.30","2.06","9.44"
"29","Myles Turner","IND","PF,C","1.25","-0.70","0.08","1.60","0.19","-0.10","6.01","0.95","9.28"
"30","De'Aaron Fox","SAC","PG","0.46","-1.12","0.68","0.35","3.67","2.77","0.63","1.80","9.24"
"31","Blake Griffin","DET","PF,C","0.31","-0.79","1.98","1.98","2.00","0.44","0.36","2.56","8.84"
"32","Zach LaVine","CHI","PG,SG","-0.13","2.61","1.17","0.46","1.46","0.86","0.23","2.18","8.84"
"33","Robert Covington","MIN","SF,PF","-0.68","0.01","2.12","0.90","-0.13","3.36","2.33","0.89","8.82"
"34","DeAndre Jordan","DAL","C","2.94","-1.03","-0.87","4.29","0.39","0.50","1.87","0.70","8.80"
"35","Buddy Hield","SAC","SG","0.50","0.88","3.34","0.88","0.53","0.14","0.23","2.13","8.64"
"36","Klay Thompson","GSW","SG,SF","-0.78","0.59","2.61","0.64","0.42","1.69","1.02","2.37","8.56"
"37","Ben Simmons","PHI","PG,SF","3.34","-4.85","-0.87","2.40","3.86","1.93","1.22","1.53","8.55"
"38","Jimmy Butler","PHI","SG,SF","0.19","1.57","0.64","0.48","0.90","2.71","0.63","1.41","8.53"
"39","Devin Booker","PHO","PG,SG","-0.28","1.87","1.55","0.14","2.49","0.92","-0.36","2.12","8.45"
"40","Eric Bledsoe","MIL","PG,SG","1.12","-0.17","1.03","0.64","2.33","1.75","0.30","1.33","8.33"
"41","D'Angelo Russell","BKN","PG,SG","-1.70","0.44","2.40","0.46","3.07","1.63","0.03","1.90","8.23"
"42","Domantas Sabonis","IND","PF,C","3.79","-0.20","-0.69","2.42","0.75","0.38","0.56","1.18","8.20"
"43","Serge Ibaka","TOR","PF,C","2.10","0.45","0.08","1.59","-0.00","0.08","2.53","1.33","8.16"
"44","Kyle Lowry","TOR","PG","-0.59","0.87","1.38","0.32","3.78","1.39","0.17","0.76","8.08"
"45","Khris Middleton","MIL","SG,SF","-0.65","1.51","2.36","0.96","1.35","1.45","-0.56","1.57","8.00"
"46","Jaren Jackson Jr.","MEM","PF","1.50","0.22","0.22","0.77","-0.10","0.98","3.32","1.08","8.00"
"47","Enes Kanter","NYK","C","2.26","1.09","-0.62","3.13","0.36","-0.04","0.36","1.29","7.84"
"48","Luka Doncic","DAL","PG,SG","-0.82","-0.15","2.26","1.41","2.05","1.22","-0.10","1.95","7.82"
"49","Jayson Tatum","BOS","SF,PF","-0.49","1.20","1.41","1.41","0.19","1.39","1.02","1.49","7.64"
"50","Josh Richardson","MIA","PG,SG,SF","-1.89","1.61","2.43","0.39","1.26","1.51","0.49","1.72","7.54"
"51","TJ Warren","PHO","SF","1.27","0.81","1.41","0.34","-0.07","1.34","0.76","1.57","7.44"
"52","Julius Randle","NOR","PF,C","2.90","-1.77","-0.06","2.47","0.77","0.32","0.69","2.10","7.42"
"53","JaVale McGee","LAL","C","2.84","-0.85","-0.83","1.19","-0.43","0.38","4.50","0.56","7.36"
"54","John Wall","WAS","PG","-0.56","-1.45","0.92","0.15","3.55","1.87","1.15","1.71","7.34"
"55","Spencer Dinwiddie","BKN","PG","0.10","0.68","2.01","-0.00","2.44","0.32","-0.10","1.85","7.30"
"56","Russell Westbrook","OKC","PG","-1.59","-2.76","0.29","2.20","3.88","3.72","-0.23","1.58","7.09"
"57","JJ Redick","PHI","SG","-0.59","2.36","3.10","-0.11","0.90","-0.27","-0.23","1.91","7.06"
"58","Brook Lopez","MIL","C","-0.72","0.29","2.54","0.43","-0.25","0.08","3.78","0.88","7.03"
"59","Larry Nance Jr.","CLE","PF,C","1.30","-0.41","-0.41","1.81","1.04","2.35","0.95","0.37","7.00"
"60","Jarrett Allen","BKN","PF,C","2.28","-0.57","-0.73","2.11","0.03","0.20","2.79","0.79","6.91"
"61","Jamal Murray","DEN","PG,SG","-1.07","0.97","1.38","0.63","1.95","0.92","0.30","1.77","6.85"
"62","Malcolm Brogdon","MIL","PG,SG","1.42","1.78","1.17","0.56","0.93","0.20","-0.36","1.12","6.82"
"63","Justin Holiday","MEM","SG,SF","-1.98","0.74","2.54","0.67","0.47","2.89","0.69","0.79","6.81"
"64","Nemanja Bjelica","SAC","PF,SF","0.90","0.04","1.27","1.30","0.33","0.74","1.41","0.73","6.73"
"65","Kyle Kuzma","LAL","SF,PF","0.49","0.27","1.48","1.18","0.61","0.38","0.43","1.85","6.69"
"66","CJ McCollum","POR","PG,SG","-0.17","0.88","1.66","0.38","0.71","0.80","0.17","2.23","6.66"
"67","Andre Drummond","DET","PF,C","1.33","-5.55","-0.73","4.29","-0.14","2.11","3.65","1.52","6.48"
"68","Bojan Bogdanovic","IND","SG,SF","1.26","1.08","1.76","0.48","0.14","0.98","-0.75","1.51","6.46"
"69","Rudy Gay","SAS","SF,PF","1.37","0.71","0.47","1.19","0.44","0.68","0.63","0.90","6.38"
"70","Ricky Rubio","UTH","PG","-1.90","1.02","1.03","0.38","2.95","1.99","-0.16","0.98","6.28"
"71","Montrezl Harrell","LAC","PF,C","4.18","-3.96","-0.83","1.46","0.09","1.04","2.86","1.43","6.27"
"72","Kent Bazemore","ATL","SG,SF","-0.47","-0.15","1.03","0.37","0.60","2.53","1.35","1.00","6.25"
"73","Joe Ingles","UTH","SG,SF","-0.50","-1.02","1.90","0.53","2.05","2.65","-0.36","0.86","6.11"
"74","Marcus Morris","BOS","SF,PF","0.94","1.25","1.83","1.02","-0.08","0.08","-0.16","1.13","6.02"
"75","Wendell Carter Jr.","CHI","C","0.67","0.25","-0.69","1.65","0.27","0.26","2.86","0.67","5.92"
"76","Joe Harris","BKN","SG,SF","1.31","0.48","2.36","0.29","0.53","0.20","-0.36","1.08","5.89"
"77","Tim Hardaway Jr.","NYK","SG,SF","-2.60","2.32","2.54","0.19","0.77","0.98","-0.42","2.04","5.81"
"78","Lou Williams","LAC","PG,SG","-1.30","3.51","0.71","-0.11","1.72","0.20","-0.56","1.55","5.72"
"79","Derrick Rose","MIN","PG","0.85","0.94","0.85","-0.10","1.57","0.26","-0.16","1.47","5.68"
"80","Chris Paul","HOU","PG","-0.96","0.60","0.99","0.04","2.43","2.17","-0.23","0.65","5.68"
"81","Noah Vonleh","NYK","PF","0.08","-0.25","0.25","2.36","0.44","0.74","1.68","0.35","5.65"
"82","Aaron Gordon","ORL","SF,PF","-0.14","-1.05","1.06","1.64","1.12","0.68","1.02","1.24","5.57"
"83","Jeremy Lamb","CHA","SG,SF","-0.32","1.41","0.85","0.98","0.27","1.28","-0.16","1.24","5.54"
"84","Jerami Grant","OKC","SF,PF","1.45","-1.08","0.54","0.84","-0.33","0.86","2.33","0.91","5.52"
"85","Al Horford","BOS","PF,C","0.79","-0.24","0.47","0.80","0.83","0.26","2.07","0.44","5.42"
"86","Derrick Favors","UTH","PF,C","2.59","-1.95","-0.48","1.64","-0.24","0.62","2.47","0.72","5.37"
"87","Steven Adams","OKC","C","3.50","-4.87","-0.87","2.72","0.17","2.05","1.28","1.31","5.31"
"88","Victor Oladipo","IND","PG,SG","-0.77","-0.37","1.24","0.68","1.45","1.87","-0.03","1.23","5.29"
"89","Donovan Mitchell","UTH","PG,SG","-2.08","0.41","1.59","0.22","1.02","2.35","-0.10","1.87","5.28"
"90","Trevor Ariza","WAS","SG,SF","-2.08","0.65","1.76","0.90","1.13","2.35","-0.23","0.61","5.10"
"91","Trae Young","ATL","PG","-2.33","0.51","0.99","0.09","3.64","0.86","-0.03","1.37","5.10"
"92","Jeff Green","WAS","SF,PF","0.55","1.62","0.68","0.78","0.12","0.20","0.43","0.70","5.09"
"93","Darren Collison","IND","PG,SG","-0.18","0.11","0.40","0.09","2.44","2.11","-0.36","0.42","5.01"
"94","Danny Green","TOR","SG,SF","-0.62","0.32","2.01","0.60","-0.07","0.92","1.35","0.47","4.98"
"95","Cody Zeller","CHA","PF,C","1.52","0.76","-0.69","1.14","0.33","0.44","1.15","0.32","4.97"
"96","Al-Farouq Aminu","POR","SF,PF","-0.51","0.75","1.06","2.13","-0.27","1.10","0.17","0.51","4.94"
"97","Kyle Anderson","MEM","SG,SF,PF","1.41","-1.31","-0.59","1.23","0.93","1.87","1.15","0.21","4.90"
"98","Marcus Smart","BOS","PG,SG","-0.99","0.02","0.78","0.07","1.61","3.12","0.10","0.14","4.85"
"99","D.J. Augustin","ORL","PG","0.00","1.61","1.34","-0.20","2.05","0.08","-0.75","0.70","4.83"
"100","Lonzo Ball","LAL","PG","-1.24","-1.77","1.24","0.97","2.21","2.35","0.36","0.52","4.64"
"101","Jordan Clarkson","CLE","PG,SG","-0.22","0.97","1.45","0.24","0.52","0.38","-0.36","1.61","4.59"
"102","Reggie Jackson","DET","PG,SG","-1.60","1.65","1.66","-0.01","1.64","0.38","-0.36","1.23","4.59"
"103","Harrison Barnes","DAL","SF,PF","-0.91","0.95","2.36","0.41","-0.29","0.56","-0.10","1.58","4.57"
"104","Thaddeus Young","IND","SF,PF","1.61","-1.82","-0.41","1.16","0.12","2.47","0.56","0.88","4.56"
"105","Nicolas Batum","CHA","SG,SF","-0.03","0.26","0.85","0.86","1.16","0.74","0.23","0.32","4.40"
"106","Evan Fournier","ORL","SG,SF","-0.92","0.01","1.83","0.14","1.34","0.86","-0.23","1.28","4.31"
"107","Taj Gibson","MIN","PF,C","1.96","-0.71","-0.48","1.52","-0.07","0.86","0.56","0.64","4.29"
"108","Gordon Hayward","BOS","SG,SF","-0.86","1.29","0.68","0.68","1.10","0.98","-0.16","0.55","4.25"
"109","Dennis Schroder","OKC","PG","-1.72","0.74","0.82","0.43","1.78","1.10","-0.29","1.35","4.20"
"110","Shai Gilgeous-Alexander","LAC","PG","0.46","0.40","-0.13","0.09","0.91","1.22","0.69","0.56","4.19"
"111","Nerlens Noel","OKC","PF,C","1.18","-0.20","-0.87","0.71","-0.52","1.28","2.86","-0.24","4.18"
"112","Bryn Forbes","SAS","PG,SG","0.26","0.38","2.12","-0.02","0.63","0.38","-0.62","0.97","4.09"
"113","Dewayne Dedmon","ATL","C","0.12","0.46","0.22","1.20","-0.27","0.98","1.15","0.16","4.01"
"114","Nikola Mirotic","NOR","SF,PF","-0.16","0.81","1.34","1.28","-0.44","0.08","0.30","0.77","3.98"
"115","Richaun Holmes","PHO","PF,C","2.47","-0.54","-0.87","0.68","-0.44","0.32","2.14","0.19","3.94"
"116","Kelly Oubre Jr.","PHO","SF","-0.74","0.59","1.03","0.54","-0.43","0.86","1.15","0.92","3.92"
"117","Terrence Ross","ORL","SG,SF","-0.76","0.36","1.98","0.17","0.01","0.86","0.17","1.05","3.83"
"118","Draymond Green","GSW","PF,C","-0.55","0.01","-0.38","0.95","1.78","1.51","0.76","-0.27","3.82"
"119","Jonas Valanciunas","TOR","C","1.99","0.67","-0.55","1.13","-0.40","-0.33","0.76","0.56","3.82"
"120","Willie Cauley-Stein","SAC","PF,C","1.98","-3.63","-0.83","2.21","0.64","1.51","0.76","1.12","3.75"
"121","Mikal Bridges","PHO","SF","-0.76","0.37","0.96","0.12","0.09","2.23","0.43","0.26","3.69"
"122","Garrett Temple","MEM","SG,SF","-0.23","0.20","1.17","0.17","-0.08","1.57","0.30","0.58","3.68"
"123","Juan Hernangomez","DEN","SF,PF","0.47","0.38","1.17","0.96","-0.30","-0.04","0.36","0.42","3.43"
"124","Bam Adebayo","MIA","PF,C","1.13","-0.57","-0.83","1.51","0.38","0.44","1.22","0.16","3.42"
"125","Jae Crowder","UTH","SF,PF","-0.86","-0.24","2.01","0.77","0.06","0.50","0.23","0.94","3.42"
"126","Josh Hart","LAL","SG,SF","-0.68","-0.72","1.52","0.42","-0.03","1.45","0.95","0.50","3.41"
"127","Hassan Whiteside","MIA","C","1.39","-5.31","-0.80","3.08","-0.44","0.08","4.57","0.71","3.28"
"128","Cory Joseph","IND","PG,SG","-0.11","-0.41","0.22","0.38","1.46","1.75","-0.16","0.09","3.23"
"129","Marvin Williams","CHA","SF,PF","-0.74","-0.26","1.48","0.97","-0.24","0.68","0.89","0.42","3.21"
"130","Paul Millsap","DEN","PF,C","0.61","-0.91","-0.06","0.86","-0.00","1.04","1.15","0.51","3.20"
"131","Dario Saric","MIN","PF,C,SF","-0.77","1.15","1.03","1.22","0.12","0.14","-0.36","0.65","3.18"
"132","Otto Porter Jr.","WAS","SF,PF","0.50","-0.02","0.40","0.47","-0.02","1.34","0.23","0.28","3.17"
"133","Kelly Olynyk","MIA","PF,C","-0.15","0.44","1.03","0.53","0.27","0.50","0.10","0.40","3.12"
"134","Monte Morris","DEN","PG","0.00","0.10","0.61","-0.05","1.46","1.10","-0.62","0.43","3.03"
"135","Ryan Arcidiacono","CHI","PG,SG","-0.27","0.27","0.92","-0.03","1.34","1.39","-0.62","-0.01","2.99"
"136","Rodney Hood","CLE","SG,SF","-0.21","1.40","0.71","-0.16","0.20","0.74","-0.49","0.78","2.98"
"137","PJ Tucker","HOU","SF","-0.88","-0.58","1.55","1.34","-0.25","1.51","0.10","0.17","2.96"
"138","E'Twaun Moore","NOR","SG,SF","0.72","-0.23","0.99","-0.14","0.36","0.56","-0.29","0.93","2.90"
"139","Jeremy Lin","ATL","PG,SG","0.32","0.92","0.32","-0.19","0.94","0.56","-0.42","0.44","2.90"
"140","Markieff Morris","WAS","PF,C","-0.50","0.16","0.82","0.71","0.09","0.38","0.56","0.59","2.81"
"141","Kentavious Caldwell-Pope","LAL","SG,SF","-0.77","1.34","1.45","0.01","-0.25","0.80","-0.42","0.60","2.75"
"142","Fred VanVleet","TOR","PG","-1.09","0.14","1.10","-0.11","1.53","0.86","-0.29","0.44","2.57"
"143","Tomas Satoransky","WAS","PG,SG","0.42","0.41","-0.03","-0.07","1.07","0.92","-0.29","0.06","2.49"
"144","Kevon Looney","GSW","PF,C,SF","1.97","-1.03","-0.83","1.11","0.23","-0.16","1.15","0.04","2.49"
"145","Andrew Wiggins","MIN","SG,SF","-2.01","-0.60","1.17","0.34","0.42","1.28","0.43","1.43","2.46"
"146","Jonas Jerebko","GSW","SF,PF","0.20","0.51","0.75","0.90","0.19","-0.16","-0.16","0.21","2.44"
"147","Patty Mills","SAS","PG","-0.77","0.59","1.38","-0.08","0.80","0.32","-0.23","0.42","2.44"
"148","Wesley Matthews","DAL","SG,SF","-1.00","0.41","1.73","-0.22","0.31","0.68","-0.29","0.80","2.43"
"149","Tristan Thompson","CLE","PF,C","1.50","-1.29","-0.87","2.24","0.08","0.32","-0.03","0.40","2.35"
"150","DeAndre' Bembry","ATL","SF,PF","-0.77","-1.34","0.15","0.61","0.66","1.81","0.95","0.28","2.35"
"151","Jeff Teague","MIN","PG","-0.89","0.85","-0.10","-0.45","2.33","0.38","-0.03","0.17","2.27"
"152","Jonathan Isaac","ORL","PF,SF","-0.60","0.64","-0.06","0.52","-0.43","0.50","1.61","0.07","2.25"
"153","Terry Rozier","BOS","PG,SG","-1.58","0.01","1.10","0.48","0.82","1.04","0.03","0.35","2.25"
"154","Thomas Bryant","WAS","C","1.96","0.58","-0.66","0.47","-0.44","-0.39","0.69","-0.02","2.19"
"155","Davis Bertans","SAS","PF,C","0.43","0.46","1.45","0.10","-0.30","-0.16","0.10","0.09","2.17"
"156","Emmanuel Mudiay","NYK","PG","-0.25","-0.42","0.36","-0.03","1.16","0.44","0.03","0.86","2.16"
"157","Rodney McGruder","MIA","SG,SF","-0.70","0.11","1.20","0.52","0.45","0.38","-0.36","0.53","2.15"
"158","Iman Shumpert","SAC","SG,SF","-0.88","0.33","1.17","-0.11","0.12","1.34","-0.03","0.17","2.10"
"159","T.J. McConnell","PHI","PG","1.12","0.16","-0.62","-0.32","0.94","1.10","-0.16","-0.15","2.07"
"160","John Collins","ATL","PF,C","2.18","-0.70","-0.31","1.20","0.01","-0.87","-0.10","0.65","2.07"
"161","Zach Collins","POR","PF,C","0.34","0.40","-0.20","0.63","-0.30","-0.27","1.35","0.11","2.05"
"162","Bogdan Bogdanovic","SAC","SG,SF","-0.42","0.39","1.06","-0.12","0.68","0.20","-0.49","0.65","1.95"
"163","Justise Winslow","MIA","SF,PF,SG","-1.01","-0.84","0.57","0.64","1.15","1.10","-0.16","0.50","1.95"
"164","Collin Sexton","CLE","PG","-1.51","1.38","0.22","0.17","0.83","0.08","-0.56","1.33","1.94"
"165","Dorian Finney-Smith","DAL","SF,PF","-0.14","-0.61","0.54","0.61","-0.43","1.16","0.56","0.18","1.87"
"166","Patrick Beverley","LAC","PG,SG","-1.15","0.12","0.82","0.38","1.20","0.38","0.03","0.09","1.87"
"167","Kevin Huerter","ATL","SG","-0.83","-0.14","1.10","0.06","0.50","0.56","0.30","0.20","1.74"
"168","Mason Plumlee","DEN","PF,C","1.57","-3.38","-0.83","1.17","0.45","1.34","1.35","0.06","1.71"
"169","Tyler Johnson","MIA","PG,SG","-0.27","-0.52","0.89","-0.12","0.30","0.68","0.30","0.41","1.66"
"170","JaMychal Green","MEM","PF,C","0.65","0.11","-0.17","0.66","-0.51","0.32","0.49","0.06","1.62"
"171","Andre Iguodala","GSW","SG,SF","-0.01","-0.50","0.04","0.18","0.77","0.38","0.95","-0.28","1.54"
"172","Malik Beasley","DEN","PG,SG","-0.03","0.40","1.20","-0.06","-0.19","0.32","-0.49","0.37","1.53"
"173","Dwight Powell","DAL","PF,C","1.25","0.02","-0.52","0.43","-0.37","0.02","0.49","0.18","1.52"
"174","Evan Turner","POR","SG,SF","-0.03","-0.46","-0.73","0.79","1.51","0.20","0.03","0.16","1.49"
"175","Jabari Parker","CHI","SF,PF","-0.22","-0.42","0.08","1.01","0.22","0.02","-0.10","0.82","1.40"
"176","Cedi Osman","CLE","SF,PF","-1.73","0.36","0.92","0.83","0.42","0.14","-0.29","0.74","1.40"
"177","Maxi Kleber","DAL","PF","-0.24","0.01","0.15","0.22","-0.44","-0.16","2.01","-0.19","1.36"
"178","Marco Belinelli","SAS","SG,SF","-1.37","0.82","1.48","-0.15","0.30","0.14","-0.42","0.52","1.32"
"179","Gorgui Dieng","MIN","PF,C","0.43","0.61","-0.62","0.57","-0.40","0.08","0.76","-0.12","1.31"
"180","Dennis Smith Jr.","DAL","PG,SG","-0.29","-0.68","0.43","-0.29","0.77","1.04","-0.10","0.37","1.26"
"181","Mohamed Bamba","ORL","C","0.12","-1.40","-0.24","0.76","-0.30","-0.33","2.66","-0.05","1.23"
"182","J.J. Barea","DAL","PG,SG","-0.91","-0.46","0.40","-0.15","2.28","0.26","-0.75","0.55","1.22"
"183","Tyus Jones","MIN","PG","-0.94","0.18","-0.20","-0.36","1.42","1.93","-0.62","-0.19","1.21"
"184","Ed Davis","BKN","PF,C","1.63","-1.83","-0.87","2.23","-0.40","0.20","0.23","-0.12","1.08"
"185","Malik Monk","CHA","SG,SF","-1.41","1.06","1.10","-0.43","0.16","0.26","-0.10","0.43","1.07"
"186","Tyreke Evans","IND","PG,SG","-1.75","-0.03","0.64","-0.04","0.47","1.34","-0.03","0.44","1.03"
"187","Taurean Prince","ATL","SF","-0.47","0.48","0.92","-0.18","-0.10","0.38","-0.29","0.28","1.02"
"188","Derrick White","SAS","PG","-0.08","0.10","-0.27","-0.15","0.82","0.74","-0.03","-0.13","1.00"
"189","Gary Harris","DEN","SG,SF","-0.52","0.38","0.47","-0.29","0.12","0.50","-0.16","0.50","1.00"
"190","Mitchell Robinson","NYK","C","1.07","-0.93","-0.87","0.08","-0.57","0.08","2.60","-0.48","0.97"
"191","Alex Len","ATL","PF,C","0.60","-1.58","-0.17","0.85","-0.30","-0.39","1.48","0.47","0.96"
"192","Miles Bridges","CHA","SF","-0.17","0.02","0.15","0.28","-0.30","0.14","0.82","-0.00","0.95"
"193","Michael Kidd-Gilchrist","CHA","SF","0.34","0.25","-0.66","0.47","-0.40","-0.22","1.15","-0.05","0.89"
"194","Eric Gordon","HOU","SG","-2.41","0.15","2.01","-0.23","0.23","-0.10","0.17","1.04","0.87"
"195","Alec Burks","CLE","PG,SG","-1.40","0.52","0.54","0.23","0.27","0.14","0.10","0.46","0.86"
"196","Lance Stephenson","LAL","SG,SF","-0.15","-0.11","0.54","0.16","0.31","0.38","-0.42","0.14","0.84"
"197","Jaylen Brown","BOS","SG,SF","-0.38","-1.15","0.40","0.31","-0.10","0.62","0.49","0.64","0.84"
"198","Reggie Bullock","DET","SG,SF","-0.80","0.68","1.45","-0.34","0.14","-0.10","-0.56","0.32","0.80"
"199","Josh Jackson","PHO","SG,SF","-1.54","-1.24","0.04","0.54","0.49","1.22","0.76","0.44","0.71"
"200","Marvin Bagley III","SAC","PF","1.19","-1.05","-0.55","0.57","-0.48","-0.39","1.02","0.34","0.65"
"201","Mike Muscala","PHI","PF,C","-1.02","0.38","0.89","0.42","-0.11","-0.45","0.43","-0.00","0.52"
"202","Delon Wright","TOR","PG,SG","-0.44","0.51","-0.06","-0.13","0.25","0.56","-0.10","-0.09","0.51"
"203","Shelvin Mack","MEM","PG","-0.75","-0.47","0.32","-0.27","0.96","0.98","-0.56","0.19","0.41"
"204","Darius Miller","NOR","SG,SF","-0.67","0.28","1.17","-0.47","0.03","0.26","-0.16","-0.05","0.38"
"205","Damyean Dotson","NYK","SG","-0.28","-0.18","0.57","0.11","-0.33","0.74","-0.49","0.21","0.34"
"206","Vince Carter","ATL","SG,SF","-0.75","0.02","1.03","-0.05","-0.27","0.26","0.03","0.03","0.30"
"207","Jakob Poeltl","SAS","C,PF","1.40","-0.77","-0.87","0.77","-0.19","-0.69","0.82","-0.20","0.28"
"208","Dwyane Wade","MIA","PG,SG","-1.07","-0.75","0.40","-0.00","0.88","-0.04","0.23","0.61","0.26"
"209","Landry Shamet","PHI","G","-0.51","0.22","1.45","-0.43","-0.29","-0.04","-0.36","0.21","0.26"
"210","Tony Snell","MIL","SG,SF","-0.05","0.52","0.75","-0.23","-0.38","-0.22","-0.16","-0.00","0.23"
"211","Dante Cunningham","SAS","SF,PF","0.10","0.11","0.01","0.47","-0.29","0.14","0.03","-0.44","0.14"
"212","Lauri Markkanen","CHI","PF,SG","-0.34","0.19","0.64","0.19","-0.57","-0.04","-0.10","0.14","0.11"
"213","Meyers Leonard","POR","PF,C","0.39","0.39","0.15","0.47","-0.21","-0.51","-0.42","-0.19","0.06"
"214","Justin Jackson","SAC","SF","-0.40","0.16","0.50","0.05","-0.11","-0.04","-0.16","-0.00","0.00"
"215","Allonzo Trier","NYK","G","-0.33","0.49","-0.17","-0.08","0.08","-0.33","-0.03","0.34","-0.04"
"216","Boban Marjanovic","LAC","C","1.22","0.19","-0.87","0.23","-0.55","-0.57","0.36","-0.17","-0.17"
"217","Trey Lyles","DEN","PF","-1.01","-0.67","0.11","0.57","-0.10","0.14","0.43","0.35","-0.17"
"218","Marcin Gortat","LAC","C","0.50","0.16","-0.87","0.77","-0.08","-0.69","0.36","-0.36","-0.20"
"219","Tim Frazier","NOR","PG,SG","-0.13","0.03","-0.13","-0.16","1.24","-0.04","-0.62","-0.42","-0.23"
"220","Jared Dudley","BKN","SF,PF","-0.64","-0.59","0.43","0.11","0.09","0.56","-0.03","-0.18","-0.25"
"221","Doug McDermott","IND","SF","0.30","0.35","0.75","-0.49","-0.40","-0.45","-0.42","0.07","-0.31"
"222","Kyle Korver","UTH","SG,SF","-0.23","0.23","1.20","-0.44","-0.37","-0.39","-0.36","0.05","-0.31"
"223","Quinn Cook","GSW","PG","0.12","0.00","0.61","-0.25","0.03","-0.27","-0.62","0.04","-0.35"
"224","Maurice Harkless","POR","SF","-0.09","-0.28","-0.31","0.05","-0.57","0.32","0.89","-0.39","-0.39"
"225","Gerald Green","HOU","SG,SF","-0.77","0.19","1.41","-0.14","-0.62","-0.33","-0.23","0.09","-0.40"
"226","Jerian Grant","ORL","PG,SG","-0.65","-0.42","0.01","-0.33","0.98","0.92","-0.56","-0.36","-0.41"
"227","Tyson Chandler","LAL","C","0.77","-1.01","-0.87","1.33","-0.43","-0.04","0.30","-0.47","-0.42"
"228","Shabazz Napier","BKN","PG","-0.60","0.83","0.22","-0.54","-0.03","0.02","-0.29","-0.03","-0.42"
"229","Stanley Johnson","DET","SG,SF","-1.19","-0.06","0.43","0.19","-0.25","0.68","-0.29","0.07","-0.42"
"230","Langston Galloway","DET","PG,SG","-1.35","0.21","1.24","-0.13","-0.19","0.02","-0.56","0.28","-0.48"
"231","Dante Exum","UTH","PG,SG","-0.40","0.24","-0.24","-0.37","0.75","-0.22","-0.42","0.15","-0.51"
"232","Jordan Bell","GSW","PF,C","0.34","-0.28","-0.87","-0.00","-0.13","-0.27","1.28","-0.63","-0.56"
"233","Brandon Ingram","LAL","SG,SF","0.12","-2.31","-0.31","0.28","0.23","0.02","0.49","0.85","-0.61"
"234","Ersan Ilyasova","MIL","SF,PF","-0.20","0.45","-0.06","0.39","-0.38","-0.22","-0.36","-0.24","-0.62"
"235","Daniel Theis","BOS","PF,C","0.70","-0.35","-0.34","0.15","-0.35","-0.57","0.36","-0.24","-0.65"
"236","De'Anthony Melton","PHO","SG,PG","-0.74","0.17","-0.17","-0.44","0.16","0.98","-0.23","-0.44","-0.71"
"237","Nik Stauskas","POR","SG,SF","-0.61","0.61","0.47","-0.32","0.01","-0.33","-0.49","-0.05","-0.71"
"238","Damian Jones","GSW","C","1.26","-0.53","-0.87","-0.26","-0.41","-0.33","0.89","-0.49","-0.74"
"239","Rondae Hollis-Jefferson","BKN","SF,PF","-1.10","-1.65","-0.59","0.93","0.17","0.62","0.43","0.37","-0.82"
"240","Willy Hernangomez","CHA","C","0.47","-0.24","-0.45","0.46","-0.46","-0.51","0.03","-0.14","-0.83"
"241","DeMarre Carroll","BKN","SF,PF","-1.06","0.26","0.71","0.41","-0.38","-0.45","-0.56","0.19","-0.87"
"242","Royce O'Neale","UTH","SF","-0.06","-0.22","-0.17","0.04","-0.10","0.26","-0.29","-0.38","-0.92"
"243","George Hill","MIL","PG,SG","0.19","-0.12","-0.13","-0.41","0.12","0.14","-0.56","-0.15","-0.92"
"244","Wilson Chandler","PHI","SG,SF,PF","-0.15","-0.15","0.11","0.19","-0.10","-0.45","-0.03","-0.36","-0.93"
"245","Allen Crabbe","BKN","SG,SF","-1.88","0.13","1.41","-0.04","-0.38","-0.04","-0.23","0.07","-0.96"
"246","Frank Ntilikina","NYK","PG","-1.66","0.15","0.18","-0.34","0.55","0.32","-0.03","-0.15","-0.98"
"247","Pat Connaughton","MIL","SG,SF","-0.49","-0.16","0.01","-0.02","0.01","-0.27","0.30","-0.36","-0.98"
"248","Cameron Payne","FA","PG","-0.54","0.37","-0.31","-0.47","0.47","0.14","-0.36","-0.30","-0.99"
"249","Rodions Kurucs","BKN","F","0.21","0.63","-0.27","-0.17","-0.63","-0.33","-0.23","-0.21","-1.00"
"250","Avery Bradley","LAC","PG,SG","-1.22","0.07","0.11","-0.22","0.14","0.02","0.10","-0.03","-1.01"
"251","Robin Lopez","CHI","C","0.46","-0.24","-0.76","-0.20","-0.35","-0.81","1.15","-0.27","-1.02"
"252","Derrick Jones Jr.","MIA","SF,PF","0.25","-0.96","-0.38","0.20","-0.63","0.20","0.56","-0.27","-1.04"
"253","Trey Burke","NYK","PG","-0.87","0.47","-0.03","-0.44","0.30","-0.04","-0.62","0.17","-1.06"
"254","Kris Dunn","CHI","PG,SG","0.25","0.05","-0.62","-0.37","0.55","-0.10","-0.56","-0.29","-1.09"
"255","James Ennis III","HOU","SG,SF","0.28","-0.47","0.15","-0.35","-0.60","0.20","-0.10","-0.25","-1.14"
"256","Caris LeVert","BKN","SF,SG","0.19","-0.32","-0.20","-0.40","-0.03","-0.04","-0.42","0.04","-1.19"
"257","Zaza Pachulia","DET","C","-0.32","0.07","-0.87","0.40","-0.11","0.26","-0.23","-0.44","-1.24"
"258","Tony Parker","CHA","PG","-0.30","-0.76","-0.59","-0.48","1.13","-0.16","-0.42","0.26","-1.32"
"259","Shaun Livingston","GSW","PG,SG","-0.07","-0.05","-0.87","-0.36","0.16","0.02","0.30","-0.48","-1.36"
"260","Devin Harris","DAL","PG,SG","-0.56","0.35","-0.03","-0.52","-0.32","0.32","-0.36","-0.26","-1.37"
"261","Mike Scott","LAC","PF","-0.89","-0.21","0.40","0.35","-0.30","-0.10","-0.36","-0.29","-1.40"
"262","Furkan Korkmaz","PHI","SG","-0.75","0.18","0.25","-0.26","-0.32","0.32","-0.62","-0.24","-1.43"
"263","Shaquille Harrison","CHI","PG,SG","-0.48","-1.16","-0.52","-0.19","-0.11","1.39","-0.10","-0.29","-1.45"
"264","Austin Rivers","HOU","PG,SG","-1.02","-1.59","0.71","-0.15","0.31","0.20","-0.03","0.09","-1.47"
"265","Kevin Knox","NYK","SF,PF","-2.08","-0.93","1.03","0.36","-0.40","-0.04","-0.03","0.59","-1.49"
"266","Jonathon Simmons","ORL","SG,SF","-1.43","0.31","-0.34","-0.23","0.28","-0.16","0.10","-0.03","-1.49"
"267","Jamal Crawford","PHO","SG,SF","-1.63","0.48","0.01","-0.60","0.93","-0.27","-0.29","-0.12","-1.50"
"268","Torrey Craig","DEN","SG,SF","-0.49","-0.48","-0.10","0.15","-0.40","-0.27","0.30","-0.32","-1.62"
"269","Omari Spellman","ATL","PF","-0.61","0.01","-0.17","-0.01","-0.49","-0.10","0.17","-0.43","-1.63"
"270","Sam Dekker","WAS","SF,PF","0.50","-0.02","-0.62","-0.33","-0.57","0.38","-0.56","-0.42","-1.63"
"271","Aron Baynes","BOS","C","-0.05","0.44","-0.45","0.05","-0.38","-0.81","-0.03","-0.46","-1.69"
"272","OG Anunoby","TOR","SF,PF","-0.33","-1.56","0.50","0.01","-0.46","0.20","-0.16","0.02","-1.78"
"273","Danuel House","HOU","SG,F","0.12","0.20","0.04","-0.36","-0.59","-0.45","-0.42","-0.33","-1.79"
"274","James Johnson","MIA","SF,PF","-0.27","-0.11","-0.13","-0.33","-0.11","-0.22","-0.36","-0.29","-1.80"
"275","Wayne Ellington","MIA","SG,SF","-1.02","0.14","0.75","-0.58","-0.43","0.20","-0.56","-0.34","-1.84"
"276","Josh Okogie","MIN","SG","-1.28","-0.33","-0.24","-0.05","-0.29","0.56","-0.03","-0.20","-1.85"
"277","Ivica Zubac","LAL","C","0.71","0.32","-0.87","-0.32","-0.65","-0.81","0.30","-0.58","-1.89"
"278","Seth Curry","POR","PG,SG","-0.47","0.21","0.64","-0.56","-0.38","-0.45","-0.62","-0.28","-1.92"
"279","Amir Johnson","PHI","PF,C","0.37","-0.01","-0.62","-0.21","-0.25","-0.51","-0.23","-0.54","-2.00"
"280","Jake Layman","POR","PF,SF","0.37","-0.31","-0.17","-0.38","-0.71","-0.16","-0.23","-0.43","-2.00"
"281","Alex Abrines","OKC","SG","-1.01","0.26","0.54","-0.53","-0.54","-0.04","-0.36","-0.36","-2.03"
"282","Cheick Diallo","NOR","PF,C","0.47","0.03","-0.87","-0.02","-0.71","-0.39","0.10","-0.65","-2.04"
"283","Ish Smith","DET","PG","-0.60","-0.15","0.01","-0.58","0.19","-0.39","-0.36","-0.19","-2.07"
"284","Goran Dragic","MIA","PG,SG","-0.59","-0.02","-0.10","-0.57","0.22","-0.45","-0.49","-0.14","-2.14"
"285","Rajon Rondo","LAL","PG","-0.06","-0.24","-0.52","-0.38","0.63","-0.27","-0.75","-0.54","-2.14"
"286","Yogi Ferrell","SAC","PG,SG","-0.08","0.39","-0.27","-0.65","-0.18","-0.45","-0.56","-0.36","-2.15"
"287","Elie Okobo","PHO","PG","-0.67","0.26","-0.24","-0.57","-0.00","-0.04","-0.56","-0.43","-2.24"
"288","Matthew Dellavedova","CLE","PG,SG","-0.01","0.32","-0.10","-0.73","0.23","-0.69","-0.75","-0.52","-2.25"
"289","Solomon Hill","NOR","SG,SF","-0.42","-0.31","-0.24","-0.10","-0.32","-0.10","-0.23","-0.57","-2.28"
"290","Bruce Brown Jr.","DET","G","-0.63","-0.26","-0.52","-0.21","-0.33","-0.22","0.23","-0.47","-2.40"
"291","Gary Clark","HOU","F","-0.89","0.18","-0.10","-0.31","-0.66","-0.39","0.43","-0.69","-2.44"
"292","Anthony Tolliver","MIN","SF,PF","-0.17","-0.15","0.15","-0.50","-0.62","-0.51","-0.10","-0.56","-2.46"
"293","Aaron Holiday","IND","PG","-0.29","0.28","-0.38","-0.62","-0.33","-0.39","-0.23","-0.50","-2.47"
"294","Isaiah Canaan","FA","PG","-0.55","-0.03","0.01","-0.51","0.12","-0.33","-0.75","-0.44","-2.48"
"295","Mario Hezonja","NYK","SG,SF","-1.06","-0.83","0.01","-0.00","-0.37","0.32","-0.49","-0.07","-2.48"
"296","Sterling Brown","MIL","SG","-0.09","0.05","-0.24","-0.23","-0.44","-0.51","-0.56","-0.50","-2.52"
"297","Kosta Koufos","SAC","PF,C","0.08","-0.43","-0.87","0.17","-0.48","-0.33","-0.10","-0.65","-2.60"
"298","Alfonzo McKinnie","GSW","PF","0.10","-0.70","-0.13","0.10","-0.65","-0.63","-0.36","-0.36","-2.63"
"299","Jalen Brunson","DAL","PG","-0.23","-0.69","-0.38","-0.55","0.11","0.02","-0.75","-0.25","-2.71"
"300","Hamidou Diallo","OKC","G","0.19","-0.67","-0.73","-0.25","-0.65","-0.10","-0.16","-0.36","-2.72"
"301","Robert Williams","BOS","C,PF","0.54","-0.20","-0.87","-0.56","-0.82","-0.87","0.89","-0.83","-2.73"
"302","Luke Kornet","NYK","PF,C","-0.11","0.08","0.04","-0.58","-0.52","-0.75","-0.29","-0.59","-2.73"
"303","Wayne Selden","CHI","SG","-0.59","-0.02","-0.17","-0.57","-0.29","-0.45","-0.36","-0.31","-2.76"
"304","Frank Mason","SAC","PG","-0.52","-0.32","-0.55","-0.63","0.34","-0.22","-0.42","-0.45","-2.77"
"305","Omri Casspi","MEM","SF,PF","0.49","-0.63","-0.55","-0.23","-0.52","-0.51","-0.36","-0.45","-2.78"
"306","Norman Powell","TOR","SG,SF","0.06","0.10","-0.34","-0.60","-0.52","-0.45","-0.49","-0.54","-2.79"
"307","Patrick Patterson","OKC","PF,C","-1.14","-0.39","0.18","-0.07","-0.54","-0.27","-0.16","-0.40","-2.79"
"308","Donte DiVincenzo","MIL","SG","-0.47","0.08","-0.27","-0.44","-0.43","-0.33","-0.36","-0.57","-2.80"
"309","Thon Maker","MIL","PF,C","-0.27","-1.06","-0.03","-0.18","-0.63","-0.63","0.43","-0.43","-2.80"
"310","Antonio Blakeney","CHI","PG,SG","-0.59","-0.58","0.15","-0.40","-0.60","-0.45","-0.42","0.09","-2.81"
"311","Chandler Hutchison","CHI","SG,SF","-0.14","-0.77","-0.55","0.18","-0.48","-0.16","-0.49","-0.43","-2.84"
"312","Thabo Sefolosha","UTH","SG,SF","0.15","-0.40","-0.41","-0.31","-0.70","0.20","-0.69","-0.72","-2.87"
"313","Terrance Ferguson","OKC","SG,SF","-0.73","-0.15","-0.06","-0.51","-0.55","-0.22","-0.23","-0.46","-2.91"
"314","Wesley Johnson","NOR","SG,SF","-0.31","0.05","-0.20","-0.46","-0.60","-0.45","-0.29","-0.65","-2.92"
"315","John Henson","CLE","PF,C","0.02","-0.20","-0.48","-0.30","-0.63","-0.63","-0.03","-0.70","-2.96"
"316","MarShon Brooks","CHI","SG,SF","-0.11","-0.27","-0.34","-0.55","-0.46","-0.51","-0.49","-0.24","-2.98"
"317","Wes Iwundu","ORL","SG,SF","-0.56","0.40","-0.55","-0.47","-0.49","-0.45","-0.42","-0.48","-3.03"
"318","Troy Daniels","PHO","PG,SG","-0.23","0.11","0.08","-0.77","-0.73","-0.27","-0.69","-0.58","-3.07"
"319","Troy Williams","SAC","SG,SF","0.00","-0.31","-0.38","-0.45","-0.70","-0.45","-0.23","-0.60","-3.11"
"320","Markelle Fultz","PHI","PG,SG","-0.41","-0.91","-0.73","-0.31","0.08","-0.04","-0.42","-0.38","-3.12"
"321","Harry Giles","SAC","PF,C","0.08","-0.80","-0.87","-0.26","-0.40","-0.04","-0.42","-0.47","-3.18"
"322","Jon Leuer","DET","PF,C","0.64","0.06","-0.87","-0.44","-0.71","-0.69","-0.56","-0.63","-3.20"
"323","Jose Calderon","DET","PG","-0.76","-0.04","-0.62","-0.58","0.38","-0.33","-0.56","-0.73","-3.25"
"324","Frank Kaminsky","CHA","PF,C","0.18","-0.40","-0.41","-0.45","-0.48","-0.75","-0.42","-0.52","-3.26"
"325","Pau Gasol","SAS","PF,C","0.15","-0.09","-0.73","-0.40","-0.38","-0.99","-0.16","-0.77","-3.38"
"326","Glenn Robinson III","DET","SG,SF","-0.47","0.27","-0.48","-0.63","-0.66","-0.45","-0.42","-0.54","-3.40"
"327","Elfrid Payton","NOR","PG","0.17","-0.12","-0.66","-0.67","-0.14","-0.69","-0.69","-0.64","-3.45"
"328","Raul Neto","UTH","PG","0.26","0.23","-0.62","-0.80","-0.38","-0.69","-0.75","-0.73","-3.49"
"329","CJ Miles","TOR","SG,SF","-1.64","0.10","0.18","-0.48","-0.55","-0.45","-0.29","-0.38","-3.52"
"330","Ian Clark","NOR","PG,SG","-0.82","0.23","-0.31","-0.59","-0.27","-0.63","-0.56","-0.58","-3.52"
"331","Luke Kennard","DET","SG","-0.33","-0.20","-0.13","-0.50","-0.49","-0.75","-0.62","-0.49","-3.53"
"332","Ekpe Udoh","UTH","PF,C","0.67","-0.40","-0.87","-0.68","-0.70","-0.87","0.10","-0.81","-3.55"
"333","Devonte' Graham","CHA","G","-0.32","0.24","-0.55","-0.82","-0.30","-0.33","-0.75","-0.74","-3.57"
"334","Cristiano Felicio","CHI","C,PF","0.38","-0.06","-0.87","-0.24","-0.65","-0.81","-0.62","-0.71","-3.58"
"335","Carmelo Anthony","HOU","SF,PF","-0.43","-0.22","-0.13","-0.46","-0.78","-0.81","-0.29","-0.47","-3.60"
"336","Kyle O'Quinn","IND","PF,C","0.05","0.18","-0.87","-0.59","-0.54","-0.87","-0.16","-0.83","-3.62"
"337","Dwayne Bacon","CHA","SG","0.33","0.11","-0.52","-0.67","-0.63","-0.87","-0.75","-0.62","-3.62"
"338","Ian Mahinmi","WAS","C","-0.06","-0.55","-0.83","-0.34","-0.66","-0.39","-0.10","-0.70","-3.64"
"339","Jaron Blossomgame","CLE","SF","-0.14","0.08","-0.55","-0.40","-0.73","-0.69","-0.49","-0.76","-3.68"
"340","Georges Niang","UTH","PF,SF","-0.06","0.14","-0.24","-0.70","-0.65","-0.81","-0.69","-0.69","-3.69"
"341","Greg Monroe","TOR","PF,C","0.07","-0.56","-0.87","-0.08","-0.71","-0.57","-0.42","-0.55","-3.70"
"342","David Nwaba","CLE","SG,SF","-0.26","-0.77","-0.55","-0.42","-0.62","-0.27","-0.29","-0.51","-3.70"
"343","Dwight Howard","WAS","PF,C","0.75","-0.96","-0.87","-0.18","-0.79","-0.63","-0.49","-0.55","-3.72"
"344","Quincy Pondexter","SAS","SG,SF","0.12","0.17","-0.69","-0.68","-0.63","-0.57","-0.69","-0.76","-3.73"
"345","Alex Poythress","ATL","SF,PF","0.34","-0.63","-0.62","-0.41","-0.65","-0.87","-0.23","-0.66","-3.74"
"346","Dillon Brooks","MEM","SG,SF","-0.53","-0.02","-0.45","-0.69","-0.62","-0.45","-0.49","-0.53","-3.77"
"347","Damion Lee","GSW","SG","0.02","0.14","-0.41","-0.71","-0.81","-0.57","-0.75","-0.70","-3.79"
"348","Isaiah Hartenstein","HOU","PF","0.09","0.04","-0.80","-0.65","-0.68","-0.81","-0.16","-0.83","-3.80"
"349","Nene","HOU","PF,C","0.16","0.04","-0.87","-0.48","-0.70","-0.75","-0.42","-0.78","-3.80"
"350","Bobby Portis","CHI","PF,C","-0.31","-0.22","-0.66","-0.29","-0.68","-0.81","-0.29","-0.58","-3.85"
"351","Jahlil Okafor","NOR","C","0.35","0.06","-0.87","-0.53","-0.81","-0.93","-0.49","-0.66","-3.88"
"352","Lorenzo Brown","TOR","PG","-0.64","0.09","-0.66","-0.70","-0.43","-0.33","-0.42","-0.80","-3.89"
"353","D.J. Wilson","MIL","PF","0.08","-0.43","-0.48","-0.40","-0.68","-0.81","-0.42","-0.73","-3.89"
"354","Jason Smith","MIL","PF,C","-0.18","0.11","-0.66","-0.55","-0.66","-0.93","-0.29","-0.81","-3.98"
"355","Justin Anderson","ATL","SF,SG","-0.29","0.01","-0.66","-0.67","-0.70","-0.51","-0.42","-0.75","-3.99"
"356","Lance Thomas","NYK","SG,SF,PF","-0.35","0.14","-0.69","-0.63","-0.73","-0.39","-0.56","-0.79","-4.01"
"357","JR Smith","CLE","SG,SF","-0.61","0.05","-0.45","-0.82","-0.52","-0.39","-0.56","-0.72","-4.02"
"358","Semi Ojeleye","BOS","SF,PF","-0.24","-0.25","-0.27","-0.50","-0.74","-0.75","-0.69","-0.58","-4.02"
"359","Chris Boucher","TOR","PF,C","-0.00","-0.01","-0.62","-0.84","-0.85","-0.93","0.10","-0.88","-4.04"
"360","Tyrone Wallace","LAC","SG","0.08","-0.70","-0.87","-0.60","-0.62","-0.33","-0.42","-0.58","-4.04"
"361","Raymond Felton","OKC","PG,SG","-0.46","0.14","-0.66","-0.79","-0.43","-0.69","-0.49","-0.73","-4.10"
"362","Ante Zizic","CLE","C","0.11","-0.65","-0.87","-0.20","-0.65","-0.93","-0.29","-0.64","-4.12"
"363","Chasson Randle","WAS","PG,SG","-0.05","0.00","-0.52","-0.89","-0.59","-0.63","-0.69","-0.77","-4.13"
"364","Miles Plumlee","ATL","PF,C","0.66","-0.87","-0.87","-0.61","-0.59","-0.69","-0.49","-0.69","-4.15"
"365","Jonah Bolden","PHI","PF","0.03","-0.26","-0.76","-0.60","-0.76","-0.87","-0.16","-0.85","-4.24"
"366","Bradley Wanamaker","BOS","G","-0.00","0.05","-0.66","-0.85","-0.51","-0.69","-0.75","-0.85","-4.25"
"367","Courtney Lee","NYK","SG,SF","-0.04","-0.15","-0.69","-0.76","-0.63","-0.57","-0.62","-0.80","-4.27"
"368","Channing Frye","CLE","PF,C","-0.44","0.15","-0.34","-0.70","-0.76","-0.81","-0.62","-0.78","-4.31"
"369","Abdel Nader","OKC","PF,SF","0.03","0.12","-0.62","-0.72","-0.79","-0.87","-0.69","-0.79","-4.33"
"370","Jarell Martin","ORL","PF,C","-0.34","0.11","-0.73","-0.60","-0.68","-0.93","-0.36","-0.80","-4.33"
"371","Andrew Harrison","NOR","PG,SG","-0.55","0.41","-0.69","-0.80","-0.48","-0.81","-0.62","-0.80","-4.34"
"372","Milos Teodosic","LAC","PG,SG","-0.09","-0.17","-0.52","-0.85","-0.37","-0.87","-0.69","-0.83","-4.37"
"373","Kevin Love","CLE","PF,C","-0.59","0.23","-0.62","-0.46","-0.63","-0.99","-0.62","-0.71","-4.40"
"374","Khem Birch","ORL","PF,C","0.03","0.11","-0.87","-0.75","-0.79","-0.75","-0.56","-0.89","-4.47"
"375","Deonte Burton","OKC","PG","-0.07","0.05","-0.73","-0.84","-0.78","-0.87","-0.42","-0.82","-4.48"
"376","Guerschon Yabusele","BOS","SF,PF","-0.14","-0.02","-0.76","-0.78","-0.71","-0.75","-0.49","-0.86","-4.51"
"377","Frank Jackson","NOR","PG","-0.35","-0.09","-0.38","-0.82","-0.65","-0.87","-0.75","-0.61","-4.53"
"378","Ivan Rabb","MEM","PF,C","0.23","-0.04","-0.87","-0.67","-0.71","-0.99","-0.62","-0.89","-4.56"
"379","Will Barton","DEN","SG,SF","0.16","0.12","-0.69","-0.89","-0.76","-0.99","-0.62","-0.89","-4.57"
"380","Sviatoslav Mykhailiuk","LAL","SG,SF","-0.58","-0.43","-0.24","-0.82","-0.55","-0.51","-0.75","-0.69","-4.58"
"381","Joakim Noah","MEM","PF,C","0.05","-0.51","-0.87","-0.60","-0.63","-0.87","-0.36","-0.80","-4.59"
"382","Sindarius Thornwell","LAC","SG","-0.04","0.14","-0.83","-0.77","-0.71","-0.87","-0.62","-0.90","-4.60"
"383","Salah Mejri","DAL","C","0.19","0.05","-0.87","-0.72","-0.76","-0.93","-0.69","-0.90","-4.62"
"384","Troy Brown","WAS","SF","-0.28","-0.02","-0.76","-0.76","-0.59","-0.69","-0.69","-0.84","-4.63"
"385","Ryan Anderson","PHO","PF,C","-0.57","0.04","-0.62","-0.55","-0.59","-0.87","-0.69","-0.79","-4.64"
"386","Chimezie Metu","SAS","F","-0.22","0.07","-0.87","-0.74","-0.68","-0.75","-0.62","-0.84","-4.65"
"387","Jalen Jones","CLE","SG,SF","-0.14","0.00","-0.66","-0.74","-0.78","-0.87","-0.69","-0.83","-4.69"
"388","Bismack Biyombo","CHA","PF,C","0.19","-0.49","-0.87","-0.73","-0.81","-0.99","-0.10","-0.90","-4.70"
"389","Shake Milton","PHI","G","0.05","0.06","-0.69","-0.93","-0.76","-0.87","-0.69","-0.92","-4.76"
"390","Michael Carter-Williams","HOU","PG","-0.20","-0.99","-0.62","-0.87","-0.52","-0.51","-0.36","-0.74","-4.81"
"391","Kenneth Faried","BKN","PF,C","0.41","-0.34","-0.87","-0.73","-0.84","-0.99","-0.62","-0.83","-4.81"
"392","Caleb Swanigan","POR","PF,C","-0.36","0.08","-0.83","-0.50","-0.74","-0.81","-0.75","-0.90","-4.82"
"393","TJ Leaf","IND","PF","-0.18","-0.01","-0.76","-0.71","-0.78","-0.93","-0.62","-0.86","-4.85"
"394","Michael Beasley","LAL","SF,PF","0.17","-0.08","-0.83","-0.82","-0.79","-0.93","-0.75","-0.82","-4.85"
"395","Tyler Dorsey","ATL","PG,SG","-0.46","-0.42","-0.66","-0.65","-0.63","-0.69","-0.69","-0.71","-4.91"
"396","Demetrius Jackson","PHI","PG,SG","0.07","0.12","-0.80","-0.96","-0.78","-0.93","-0.75","-0.93","-4.96"
"397","Ron Baker","WAS","PG,SG","-0.34","0.05","-0.83","-0.89","-0.62","-0.69","-0.69","-0.97","-4.97"
"398","James Nunnally","MIN","F","-0.04","0.12","-0.69","-0.95","-0.78","-0.99","-0.75","-0.91","-5.00"
"399","Ben McLemore","SAC","SG","-0.39","-0.07","-0.52","-0.89","-0.79","-0.87","-0.62","-0.86","-5.00"
"400","Ryan Broekhoff","DAL","F","-0.16","0.06","-0.66","-0.86","-0.81","-0.99","-0.69","-0.91","-5.01"
"401","Dragan Bender","PHO","PF,C","-0.16","0.08","-0.80","-0.82","-0.74","-0.99","-0.69","-0.92","-5.03"
"402","Christian Wood","MIL","PF,C","0.08","0.05","-0.80","-0.84","-0.82","-1.05","-0.75","-0.92","-5.05"
"403","Dirk Nowitzki","DAL","PF,C","-0.41","0.18","-0.62","-0.85","-0.82","-1.05","-0.62","-0.85","-5.05"
"404","Jevon Carter","MEM","PG","-0.20","-0.00","-0.80","-0.94","-0.74","-0.75","-0.69","-0.95","-5.07"
"405","Johnathan Williams","LAL","F","0.12","-0.35","-0.87","-0.79","-0.79","-0.99","-0.49","-0.93","-5.09"
"406","Drew Eubanks","SAS","F","0.26","-0.07","-0.87","-0.90","-0.84","-0.99","-0.75","-0.93","-5.10"
"407","Tyler Lydon","DEN","PF","0.15","-0.07","-0.76","-0.90","-0.82","-0.99","-0.75","-0.96","-5.10"
"408","Jordan Loyd","TOR","G","0.11","0.12","-0.80","-0.94","-0.84","-1.05","-0.75","-0.97","-5.13"
"409","Timothe Luwawu-Cabarrot","OKC","SG,SF","-0.39","-0.07","-0.69","-0.83","-0.79","-0.81","-0.69","-0.88","-5.15"
"410","Skal Labissiere","SAC","PF,C","-0.06","-0.30","-0.76","-0.81","-0.79","-0.93","-0.62","-0.90","-5.17"
"411","Jerome Robinson","LAC","SG","0.05","-0.00","-0.69","-0.96","-0.84","-1.05","-0.75","-0.93","-5.18"
"412","Daniel Hamilton","ATL","SF,SG","-0.15","-0.13","-0.76","-0.79","-0.70","-0.99","-0.75","-0.91","-5.19"
"413","Luol Deng","MIN","SF,PF","-0.06","-0.04","-0.87","-0.88","-0.84","-0.87","-0.69","-0.97","-5.22"
"414","Moritz Wagner","LAL","PF","-0.12","-0.20","-0.66","-0.86","-0.74","-0.99","-0.75","-0.90","-5.22"
"415","Chandler Parsons","MEM","SF,PF","-0.05","-0.00","-0.76","-0.95","-0.82","-0.99","-0.69","-0.95","-5.22"
"416","Devin Robinson","WAS","SG,SF","0.05","-0.04","-0.87","-0.93","-0.84","-0.93","-0.69","-0.98","-5.23"
"417","Malachi Richardson","TOR","SG","-0.26","0.02","-0.62","-0.87","-0.85","-0.99","-0.75","-0.91","-5.24"
"418","Brandon Goodwin","DEN","G","-0.02","0.12","-0.80","-0.99","-0.76","-1.05","-0.75","-0.98","-5.24"
"419","Marquese Chriss","HOU","PF,C","-0.14","-0.04","-0.83","-0.89","-0.81","-0.99","-0.62","-0.94","-5.26"
"420","Jaylen Adams","ATL","G","-0.05","-0.00","-0.80","-0.96","-0.79","-0.99","-0.69","-1.00","-5.28"
"421","Thomas Welsh","DEN","C","0.03","-0.00","-0.76","-0.96","-0.81","-1.05","-0.75","-0.97","-5.28"
"422","Wade Baldwin IV","POR","PG","-0.26","-0.05","-0.80","-0.90","-0.70","-1.05","-0.62","-0.92","-5.30"
"423","Henry Ellenson","DET","PF","-0.04","0.06","-0.80","-0.90","-0.84","-1.05","-0.75","-0.97","-5.30"
"424","Khyri Thomas","DET","PG","-0.09","-0.11","-0.73","-0.90","-0.81","-0.99","-0.75","-0.93","-5.31"
"425","Jaylen Morris","MIL","G","-0.04","-0.07","-0.83","-0.94","-0.79","-0.93","-0.75","-0.98","-5.34"
"426","Grayson Allen","UTH","SG","-0.56","-0.13","-0.48","-0.94","-0.74","-0.99","-0.75","-0.74","-5.35"
"427","Troy Caupain","ORL","SG","0.01","-0.00","-0.83","-0.97","-0.81","-0.99","-0.75","-1.00","-5.35"
"428","Theo Pinson","BKN","F","-0.17","0.06","-0.87","-0.91","-0.73","-0.99","-0.75","-0.99","-5.35"
"429","Jawun Evans","PHO","PG","-0.17","-0.00","-0.87","-0.89","-0.73","-0.93","-0.75","-1.01","-5.35"
"430","Nick Young","FA","SG,SF","-0.07","-0.00","-0.76","-0.98","-0.82","-1.05","-0.69","-0.99","-5.37"
"431","Isaac Bonga","LAL","F","-0.08","-0.04","-0.87","-0.95","-0.81","-0.87","-0.75","-1.00","-5.37"
"432","Yuta Watanabe","MEM","F","-0.02","0.06","-0.87","-0.94","-0.85","-1.05","-0.69","-1.01","-5.38"
"433","Duncan Robinson","MIA","G","-0.05","-0.00","-0.80","-0.94","-0.85","-0.99","-0.75","-1.00","-5.39"
"434","Kenrich Williams","NOR","F","-0.09","-0.00","-0.83","-0.89","-0.85","-0.99","-0.75","-0.98","-5.40"
"435","Luc Mbah a Moute","LAC","SF,PF","-0.02","-0.23","-0.80","-0.92","-0.82","-0.99","-0.69","-0.94","-5.41"
"436","PJ Dozier","BOS","G","0.02","-0.00","-0.83","-0.95","-0.85","-1.05","-0.75","-0.99","-5.42"
"437","Rawle Alkins","CHI","G","-0.06","-0.00","-0.83","-0.96","-0.82","-0.99","-0.75","-1.01","-5.43"
"438","DeVaughn Akoon-Purcell","FA","G","-0.11","-0.07","-0.87","-0.95","-0.76","-0.93","-0.75","-0.99","-5.43"
"439","Patrick McCaw","CLE","SG,SF","-0.08","-0.00","-0.83","-0.97","-0.82","-0.99","-0.75","-1.00","-5.46"
"440","D.J. Stephens","FA","SF","0.01","-0.00","-0.87","-0.99","-0.85","-0.99","-0.75","-1.01","-5.47"
"441","C.J. Williams","MIN","SG","-0.09","-0.00","-0.87","-0.97","-0.81","-0.99","-0.75","-0.98","-5.47"
"442","Marcus Derrickson","GSW","F","-0.08","0.06","-0.83","-0.96","-0.85","-1.05","-0.75","-0.99","-5.47"
"443","Vincent Edwards","HOU","F","0.01","-0.00","-0.83","-0.98","-0.85","-1.05","-0.75","-1.01","-5.48"
"444","Lonnie Walker","SAS","SG","0.01","-0.00","-0.83","-0.98","-0.85","-1.05","-0.75","-1.01","-5.48"
"445","Amile Jefferson","ORL","PF","-0.03","0.06","-0.87","-0.98","-0.85","-1.05","-0.75","-1.01","-5.50"
"446","Zhou Qi","FA","PF,C","0.04","-0.00","-0.87","-0.99","-0.85","-1.05","-0.75","-1.01","-5.50"
"447","Naz Mitrou-Long","UTH","G","-0.02","-0.00","-0.83","-0.99","-0.84","-1.05","-0.75","-1.01","-5.50"
"448","Isaiah Briscoe","ORL","G","-0.14","-0.23","-0.83","-0.91","-0.68","-1.05","-0.75","-0.90","-5.51"
"449","Eric Moreland","FA","PF","0.00","-0.00","-0.87","-0.96","-0.85","-1.05","-0.75","-1.02","-5.51"
"450","Zach Lofton","DET","G","-0.03","-0.00","-0.87","-0.99","-0.85","-0.99","-0.75","-1.02","-5.51"
"451","Jordan McRae","WAS","PG,SG,PF","-0.20","-0.00","-0.87","-0.94","-0.82","-0.99","-0.69","-1.01","-5.52"
"452","Ike Anigbogu","IND","C","-0.09","-0.00","-0.87","-0.96","-0.84","-1.05","-0.69","-1.02","-5.52"
"453","Jerryd Bayless","MIN","PG,SG","-0.31","-0.16","-0.76","-0.94","-0.70","-0.93","-0.75","-0.97","-5.52"
"454","Udonis Haslem","MIA","PF","-0.05","-0.00","-0.87","-0.94","-0.85","-1.05","-0.75","-1.01","-5.53"
"455","Jacob Evans III","GSW","F","-0.34","-0.10","-0.83","-0.92","-0.68","-0.99","-0.69","-0.98","-5.53"
"456","Treveon Graham","BKN","SG,SF","-0.15","-0.00","-0.87","-0.93","-0.82","-0.99","-0.75","-1.01","-5.53"
"457","George King","PHO","F","0.00","-0.00","-0.87","-0.98","-0.85","-1.05","-0.75","-1.02","-5.53"
"458","Alex Caruso","LAL","SG","0.00","-0.00","-0.87","-0.98","-0.85","-1.05","-0.75","-1.02","-5.53"
"459","Keita Bates-Diop","MIN","SF","-0.11","-0.00","-0.87","-0.96","-0.85","-1.05","-0.69","-1.01","-5.54"
"460","Omer Asik","FA","PF,C","0.00","-0.00","-0.87","-0.99","-0.85","-1.05","-0.75","-1.02","-5.54"
"461","Kostas Antetokounmpo","DAL","SF,PF","0.00","-0.00","-0.87","-0.99","-0.85","-1.05","-0.75","-1.02","-5.54"
"462","Alan Williams","FA","PF,C","0.00","-0.00","-0.87","-0.99","-0.85","-1.05","-0.75","-1.02","-5.54"
"463","Daryl Macon","DAL","G","0.00","-0.00","-0.87","-0.99","-0.85","-1.05","-0.75","-1.02","-5.54"
"464","Trevon Bluiett","NOR","G","0.00","-0.00","-0.87","-0.99","-0.85","-1.05","-0.75","-1.02","-5.54"
"465","Billy Preston","FA","F","0.00","-0.00","-0.87","-0.99","-0.85","-1.05","-0.75","-1.02","-5.54"
"466","Keenan Evans","DET","G","0.00","-0.00","-0.87","-0.99","-0.85","-1.05","-0.75","-1.02","-5.54"
"467","Joe Chealey","CHA","G","0.00","-0.00","-0.87","-0.99","-0.85","-1.05","-0.75","-1.02","-5.54"
"468","Denzel Valentine","CHI","SG,SF","0.00","-0.00","-0.87","-0.99","-0.85","-1.05","-0.75","-1.02","-5.54"
"469","Angel Delgado","LAC","C","0.00","-0.00","-0.87","-0.99","-0.85","-1.05","-0.75","-1.02","-5.54"
"470","Wenyen Gabriel","SAC","F","0.00","-0.00","-0.87","-0.99","-0.85","-1.05","-0.75","-1.02","-5.54"
"471","Yante Maten","MIA","F","0.00","-0.00","-0.87","-0.99","-0.85","-1.05","-0.75","-1.02","-5.54"
"472","Trevon Duval","MIL","G","0.00","-0.00","-0.87","-0.99","-0.85","-1.05","-0.75","-1.02","-5.54"
"473","Brandon Sampson","CHI","G","0.00","-0.00","-0.87","-0.99","-0.85","-1.05","-0.75","-1.02","-5.54"
"474","Tyler Ulis","FA","PG,SG","0.00","-0.00","-0.87","-0.99","-0.85","-1.05","-0.75","-1.02","-5.54"
"475","Ray Spalding","DAL","F","0.00","-0.00","-0.87","-0.99","-0.85","-1.05","-0.75","-1.02","-5.54"
"476","John Holland","FA","SG","0.00","-0.00","-0.87","-0.99","-0.85","-1.05","-0.75","-1.02","-5.54"
"477","Jabari Bird","BOS","SG","0.00","-0.00","-0.87","-0.99","-0.85","-1.05","-0.75","-1.02","-5.54"
"478","Jodie Meeks","FA","SG","0.00","-0.00","-0.87","-0.99","-0.85","-1.05","-0.75","-1.02","-5.54"
"479","DeMarcus Cousins","GSW","PF,C","0.00","-0.00","-0.87","-0.99","-0.85","-1.05","-0.75","-1.02","-5.54"
"480","Justin Patton","PHI","C","0.00","-0.00","-0.87","-0.99","-0.85","-1.05","-0.75","-1.02","-5.54"
"481","Ben Moore","SAS","SF","0.00","-0.00","-0.87","-0.99","-0.85","-1.05","-0.75","-1.02","-5.54"
"482","Tyler Cavanaugh","UTH","PF","0.00","-0.00","-0.87","-0.99","-0.85","-1.05","-0.75","-1.02","-5.54"
"483","Isaiah Hicks","NYK","F","0.00","-0.00","-0.87","-0.99","-0.85","-1.05","-0.75","-1.02","-5.54"
"484","Isaiah Thomas","DEN","PG","0.00","-0.00","-0.87","-0.99","-0.85","-1.05","-0.75","-1.02","-5.54"
"485","Walter Lemon Jr.","FA","G","0.00","-0.00","-0.87","-0.99","-0.85","-1.05","-0.75","-1.02","-5.54"
"486","Zach Randolph","SAC","PF,C","0.00","-0.00","-0.87","-0.99","-0.85","-1.05","-0.75","-1.02","-5.54"
"487","Michael Porter Jr.","DEN","PF","0.00","-0.00","-0.87","-0.99","-0.85","-1.05","-0.75","-1.02","-5.54"
"488","Andre Roberson","OKC","SG,SF","0.00","-0.00","-0.87","-0.99","-0.85","-1.05","-0.75","-1.02","-5.54"
"489","CJ Wilcox","FA","SG","0.00","-0.00","-0.87","-0.99","-0.85","-1.05","-0.75","-1.02","-5.54"
"490","Jarnell Stokes","MEM","PF","0.00","-0.00","-0.87","-0.99","-0.85","-1.05","-0.75","-1.02","-5.54"
"491","Kristaps Porzingis","NYK","PF,C","0.00","-0.00","-0.87","-0.99","-0.85","-1.05","-0.75","-1.02","-5.54"
"492","Dejounte Murray","SAS","PG","0.00","-0.00","-0.87","-0.99","-0.85","-1.05","-0.75","-1.02","-5.54"
"493","Johnathan Motley","LAC","SF","0.00","-0.00","-0.87","-0.99","-0.85","-1.05","-0.75","-1.02","-5.54"
"494","Jarred Vanderbilt","DEN","F","0.00","-0.00","-0.87","-0.99","-0.85","-1.05","-0.75","-1.02","-5.54"
"495","Travis Wear","FA","PF","0.00","-0.00","-0.87","-0.99","-0.85","-1.05","-0.75","-1.02","-5.54"
"496","Timofey Mozgov","ORL","C","0.00","-0.00","-0.87","-0.99","-0.85","-1.05","-0.75","-1.02","-5.54"
"497","Zhaire Smith","PHI","SF,SG","0.00","-0.00","-0.87","-0.99","-0.85","-1.05","-0.75","-1.02","-5.54"
"498","Dzanan Musa","BKN","SF,SG","-0.03","-0.19","-0.87","-0.96","-0.84","-0.93","-0.75","-0.97","-5.55"
"499","Tyler Davis","FA","C","-0.03","-0.00","-0.87","-0.98","-0.85","-1.05","-0.75","-1.02","-5.56"
"500","Melvin Frazier","ORL","F","-0.09","-0.00","-0.87","-0.98","-0.85","-0.99","-0.75","-1.02","-5.56"
"501","Davon Reed","IND","SG","-0.03","-0.00","-0.87","-0.99","-0.85","-1.05","-0.75","-1.02","-5.57"
"502","Okaro White","FA","PF","-0.06","-0.00","-0.87","-0.97","-0.85","-1.05","-0.75","-1.02","-5.58"
"503","J.P. Macura","CHA","G","-0.11","-0.00","-0.87","-0.97","-0.82","-1.05","-0.75","-1.01","-5.59"
"504","Jared Terrell","MIN","G","-0.27","-0.07","-0.83","-0.97","-0.82","-0.93","-0.69","-1.01","-5.59"
"505","Tony Bradley","UTH","C","-0.09","-0.00","-0.87","-0.96","-0.85","-1.05","-0.75","-1.02","-5.60"
"506","Alize Johnson","IND","F","-0.02","-0.19","-0.87","-0.95","-0.85","-1.05","-0.69","-1.01","-5.65"
"507","Edmond Sumner","IND","PG","-0.08","-0.19","-0.83","-0.96","-0.84","-0.99","-0.75","-1.00","-5.65"
"508","Dion Waiters","MIA","SG,SF","-0.07","-0.19","-0.83","-0.97","-0.81","-1.05","-0.75","-0.99","-5.68"
"509","Gary Trent Jr.","POR","G","-0.13","-0.19","-0.80","-0.95","-0.85","-1.05","-0.75","-0.98","-5.71"
"510","Brandon Knight","HOU","PG,SG","-0.52","-0.07","-0.76","-0.95","-0.78","-0.93","-0.75","-0.97","-5.73"
"511","Anfernee Simons","POR","SG","-0.22","-0.26","-0.87","-0.92","-0.82","-1.05","-0.75","-0.98","-5.87"
""
""